Comment,Designator,Footprint,LCSC Part #
47k,"R1,R4,R7,R10,R13,R26,R28,R29",PiezoHat:R_0603_1608Metric_AssemblyFront,C25819
10M,"R2,R3,R5,R6,R8,R9,R11,R12,R14,R15",PiezoHat:R_0402_1005Metric_AssemblyFront,C54531017
TLV9064IRTER,"U1,U2",PiezoHat:QFN-16-1EP_3x3mm_P0.5mm_EP1.675x1.675mm_AssemblyFront,C882406
100n,"C1,C2,C32,C33,C43,C44",PiezoHat:C_0402_1005Metric_AssemblyFront,C1525
1k,"R16,R17,R18,R19,R20,R21,R22,R23,R24,R25,R30,R31",PiezoHat:R_0402_1005Metric_AssemblyFront,C11702
47n,"C3,C4,C7,C8,C11,C12,C15,C16,C19,C20",PiezoHat:C_0402_1005Metric_AssemblyFront,C82219
10u,"C5,C6,C9,C10,C13,C14,C17,C18,C21,C22,C51,C52,C53,C54",PiezoHat:C_0603_1608Metric_AssemblyFront,C19702
ES7210,"U3,U4",PiezoHat:ES7210_QFN32_4x4_P0.4_EP2.7,C365743
1u,"C23,C24,C25,C26,C27,C28,C29,C30,C31,C34,C35,C36,C37,C38,C39,C40,C41,C42,C45,C46,C47,C48,C49,C50,C55",PiezoHat:C_0402_1005Metric_AssemblyFront,C52923
AP2112K-3.3TRG1,"U5,U6",PiezoHat:SOT-23-5_AssemblyFront,C51118
33R,"R32,R33,R34,R35,R36",PiezoHat:R_0402_1005Metric_AssemblyFront,C25105
