Ref,Val,Package,PosX,PosY,Rot,Side
"C1","100n","C_0402_1005Metric_AssemblyFront",2.350000,24.500000,0.000000,top
"C2","100n","C_0402_1005Metric_AssemblyFront",11.450000,24.000000,90.000000,top
"C3","47n","C_0402_1005Metric_AssemblyFront",3.950000,20.900000,0.000000,top
"C4","47n","C_0402_1005Metric_AssemblyFront",2.450000,21.900000,0.000000,top
"C5","10u","C_0603_1608Metric_AssemblyFront",2.250000,17.000000,90.000000,top
"C6","10u","C_0603_1608Metric_AssemblyFront",2.850000,19.600000,0.000000,top
"C7","47n","C_0402_1005Metric_AssemblyFront",7.750000,21.000000,0.000000,top
"C8","47n","C_0402_1005Metric_AssemblyFront",8.650000,22.000000,0.000000,top
"C9","10u","C_0603_1608Metric_AssemblyFront",8.150000,17.400000,90.000000,top
"C10","10u","C_0603_1608Metric_AssemblyFront",6.650000,19.700000,0.000000,top
"C11","47n","C_0402_1005Metric_AssemblyFront",11.550000,20.900000,0.000000,top
"C12","47n","C_0402_1005Metric_AssemblyFront",14.550000,17.300000,0.000000,top
"C13","10u","C_0603_1608Metric_AssemblyFront",10.550000,17.000000,0.000000,top
"C14","10u","C_0603_1608Metric_AssemblyFront",10.450000,18.600000,0.000000,top
"C15","47n","C_0402_1005Metric_AssemblyFront",15.350000,20.900000,0.000000,top
"C16","47n","C_0402_1005Metric_AssemblyFront",12.550000,21.900000,0.000000,top
"C17","10u","C_0603_1608Metric_AssemblyFront",12.850000,17.000000,90.000000,top
"C18","10u","C_0603_1608Metric_AssemblyFront",14.250000,19.600000,0.000000,top
"C19","47n","C_0402_1005Metric_AssemblyFront",19.450000,20.900000,90.000000,top
"C20","47n","C_0402_1005Metric_AssemblyFront",18.950000,22.400000,0.000000,top
"C21","10u","C_0603_1608Metric_AssemblyFront",18.750000,18.400000,90.000000,top
"C22","10u","C_0603_1608Metric_AssemblyFront",17.150000,20.300000,90.000000,top
"C23","1u","C_0402_1005Metric_AssemblyFront",9.350000,11.600000,0.000000,top
"C24","1u","C_0402_1005Metric_AssemblyFront",9.350000,12.800000,0.000000,top
"C25","1u","C_0402_1005Metric_AssemblyFront",8.750000,14.900000,90.000000,top
"C26","1u","C_0402_1005Metric_AssemblyFront",6.450000,16.100000,0.000000,top
"C27","1u","C_0402_1005Metric_AssemblyFront",6.450000,18.300000,0.000000,top
"C28","1u","C_0402_1005Metric_AssemblyFront",3.950000,16.100000,0.000000,top
"C29","1u","C_0402_1005Metric_AssemblyFront",3.950000,18.300000,0.000000,top
"C30","1u","C_0402_1005Metric_AssemblyFront",9.750000,14.300000,90.000000,top
"C31","1u","C_0402_1005Metric_AssemblyFront",10.850000,12.000000,90.000000,top
"C32","100n","C_0402_1005Metric_AssemblyFront",1.650000,12.500000,90.000000,top
"C33","100n","C_0402_1005Metric_AssemblyFront",1.650000,10.500000,90.000000,top
"C34","1u","C_0402_1005Metric_AssemblyFront",17.550000,9.300000,0.000000,top
"C35","1u","C_0402_1005Metric_AssemblyFront",19.350000,12.800000,90.000000,top
"C36","1u","C_0402_1005Metric_AssemblyFront",19.350000,14.900000,90.000000,top
"C37","1u","C_0402_1005Metric_AssemblyFront",17.050000,16.100000,0.000000,top
"C38","1u","C_0402_1005Metric_AssemblyFront",17.050000,18.300000,0.000000,top
"C39","1u","C_0402_1005Metric_AssemblyFront",14.550000,16.100000,0.000000,top
"C40","1u","C_0402_1005Metric_AssemblyFront",14.550000,18.300000,0.000000,top
"C41","1u","C_0402_1005Metric_AssemblyFront",19.350000,16.400000,0.000000,top
"C42","1u","C_0402_1005Metric_AssemblyFront",19.350000,8.200000,0.000000,top
"C43","100n","C_0402_1005Metric_AssemblyFront",12.250000,12.500000,90.000000,top
"C44","100n","C_0402_1005Metric_AssemblyFront",12.250000,10.400000,90.000000,top
"C45","1u","C_0402_1005Metric_AssemblyFront",8.450000,23.500000,90.000000,top
"C46","1u","C_0402_1005Metric_AssemblyFront",18.850000,23.400000,0.000000,top
"C47","1u","C_0402_1005Metric_AssemblyFront",19.350000,24.400000,0.000000,top
"C48","1u","C_0402_1005Metric_AssemblyFront",2.450000,22.900000,0.000000,top
"C49","1u","C_0402_1005Metric_AssemblyFront",18.850000,25.400000,0.000000,top
"C50","1u","C_0402_1005Metric_AssemblyFront",8.450000,25.400000,90.000000,top
"C51","10u","C_0603_1608Metric_AssemblyFront",12.550000,7.600000,90.000000,top
"C52","10u","C_0603_1608Metric_AssemblyFront",14.150000,7.600000,90.000000,top
"C53","10u","C_0603_1608Metric_AssemblyFront",10.950000,7.600000,90.000000,top
"C54","10u","C_0603_1608Metric_AssemblyFront",15.750000,7.600000,90.000000,top
"C55","1u","C_0402_1005Metric_AssemblyFront",10.450000,23.500000,90.000000,top
"D1","BAV199W","SOT-323_SC-70_AssemblyFront",2.900000,29.300000,90.000000,top
"D2","BAV199W","SOT-323_SC-70_AssemblyFront",6.700000,29.300000,90.000000,top
"D3","BAV199W","SOT-323_SC-70_AssemblyFront",10.500000,29.300000,90.000000,top
"D4","BAV199W","SOT-323_SC-70_AssemblyFront",14.300000,29.300000,90.000000,top
"D5","BAV199W","SOT-323_SC-70_AssemblyFront",18.100000,29.300000,90.000000,top
"R1","47k","R_0603_1608Metric_AssemblyFront",2.900000,32.100000,0.000000,top
"R2","10M","R_0402_1005Metric_AssemblyFront",1.635000,26.970000,0.000000,top
"R3","10M","R_0402_1005Metric_AssemblyFront",3.605000,26.970000,0.000000,top
"R4","47k","R_0603_1608Metric_AssemblyFront",6.700000,32.100000,0.000000,top
"R5","10M","R_0402_1005Metric_AssemblyFront",5.575000,26.970000,0.000000,top
"R6","10M","R_0402_1005Metric_AssemblyFront",7.545000,26.970000,0.000000,top
"R7","47k","R_0603_1608Metric_AssemblyFront",10.500000,32.100000,0.000000,top
"R8","10M","R_0402_1005Metric_AssemblyFront",9.515000,26.970000,0.000000,top
"R9","10M","R_0402_1005Metric_AssemblyFront",11.485000,26.970000,0.000000,top
"R10","47k","R_0603_1608Metric_AssemblyFront",14.300000,32.100000,0.000000,top
"R11","10M","R_0402_1005Metric_AssemblyFront",13.455000,26.970000,0.000000,top
"R12","10M","R_0402_1005Metric_AssemblyFront",15.425000,26.970000,0.000000,top
"R13","47k","R_0603_1608Metric_AssemblyFront",18.100000,32.100000,0.000000,top
"R14","10M","R_0402_1005Metric_AssemblyFront",17.395000,26.970000,0.000000,top
"R15","10M","R_0402_1005Metric_AssemblyFront",19.365000,26.970000,0.000000,top
"R16","1k","R_0402_1005Metric_AssemblyFront",2.050000,20.900000,0.000000,top
"R17","1k","R_0402_1005Metric_AssemblyFront",4.050000,17.300000,0.000000,top
"R18","1k","R_0402_1005Metric_AssemblyFront",5.850000,21.000000,0.000000,top
"R19","1k","R_0402_1005Metric_AssemblyFront",6.050000,17.300000,0.000000,top
"R20","1k","R_0402_1005Metric_AssemblyFront",9.650000,20.900000,0.000000,top
"R21","1k","R_0402_1005Metric_AssemblyFront",9.650000,19.900000,0.000000,top
"R22","1k","R_0402_1005Metric_AssemblyFront",13.450000,20.900000,0.000000,top
"R23","1k","R_0402_1005Metric_AssemblyFront",11.750000,19.900000,0.000000,top
"R24","1k","R_0402_1005Metric_AssemblyFront",18.450000,20.900000,90.000000,top
"R25","1k","R_0402_1005Metric_AssemblyFront",16.950000,17.300000,0.000000,top
"R26","47k","R_0603_1608Metric_AssemblyFront",9.350000,10.300000,0.000000,top
"R28","47k","R_0603_1608Metric_AssemblyFront",10.450000,25.700000,0.000000,top
"R29","47k","R_0603_1608Metric_AssemblyFront",12.750000,24.900000,90.000000,top
"R30","1k","R_0402_1005Metric_AssemblyFront",9.450000,23.600000,90.000000,top
"R31","1k","R_0402_1005Metric_AssemblyFront",10.550000,22.000000,0.000000,top
"R32","33R","R_0402_1005Metric_AssemblyFront",1.750000,14.400000,90.000000,top
"R33","33R","R_0402_1005Metric_AssemblyFront",17.050000,7.000000,90.000000,top
"R34","33R","R_0402_1005Metric_AssemblyFront",18.550000,6.600000,0.000000,top
"R35","33R","R_0402_1005Metric_AssemblyFront",12.650000,14.400000,90.000000,top
"R36","33R","R_0402_1005Metric_AssemblyFront",10.750000,14.500000,90.000000,top
"U1","TLV9064IRTER","QFN-16-1EP_3x3mm_P0.5mm_EP1.675x1.675mm_AssemblyFront",5.550000,24.250000,0.000000,top
"U2","TLV9064IRTER","QFN-16-1EP_3x3mm_P0.5mm_EP1.675x1.675mm_AssemblyFront",15.700000,24.250000,0.000000,top
"U3","ES7210","ES7210_QFN32_4x4_P0.4_EP2.7",5.200000,12.500000,0.000000,top
"U4","ES7210","ES7210_QFN32_4x4_P0.4_EP2.7",15.800000,12.500000,0.000000,top
"U5","AP2112K-3.3TRG1","SOT-23-5_AssemblyFront",3.100000,7.750000,0.000000,top
"U6","AP2112K-3.3TRG1","SOT-23-5_AssemblyFront",8.100000,7.750000,0.000000,top
