Designator,LCSC,KiCad Rotation,Correction,JLC Rotation,Pin 1 X,Pin 1 Y
D1,C51315120,90.000000,270,0.0,2.25,28.3625
D2,C51315120,90.000000,270,0.0,6.05,28.3625
D3,C51315120,90.000000,270,0.0,9.85,28.3625
D4,C51315120,90.000000,270,0.0,13.65,28.3625
D5,C51315120,90.000000,270,0.0,17.45,28.3625
U1,C882406,0.000000,0,0.0,4.09375,25.0
U2,C882406,0.000000,0,0.0,14.24375,25.0
U3,C365743,0.000000,270,270.0,3.25,13.9
U4,C365743,0.000000,270,270.0,13.85,13.9
U5,C51118,0.000000,270,270.0,1.9625,8.7
U6,C51118,0.000000,270,270.0,6.9625,8.7
